{
    "000002": [
        121.30409,
        31.352371
    ],
    "000001": [
        121.58845,
        31.164603
    ]
}